                  epoch,           train/box_om,           train/cls_om,           train/dfl_om,           train/box_oo,           train/cls_oo,           train/dfl_oo,   metrics/precision(B),      metrics/recall(B),       metrics/mAP50(B),    metrics/mAP50-95(B),             val/box_om,             val/cls_om,             val/dfl_om,             val/box_oo,             val/cls_oo,             val/dfl_oo,                 lr/pg0,                 lr/pg1,                 lr/pg2
                      1,                0.60823,                 2.8112,                 1.4003,                0.63132,                 3.5573,                 1.3346,                0.67249,                0.24778,                  0.416,                0.24032,                  1.062,                 1.9597,                 1.7506,                0.97793,                 3.3847,                 1.5813,             0.00032836,             0.00032836,             0.00032836
                      2,                0.85743,                 1.1691,                 1.4789,                 0.8985,                 1.9696,                 1.4136,                0.74077,                0.59819,                0.69752,                0.38929,                 1.2038,                 1.1742,                  1.698,                 1.2178,                 1.9622,                 1.5731,             0.00065732,             0.00065732,             0.00065732
                      3,                0.97464,                 1.0573,                 1.4932,                 1.0808,                 1.5582,                 1.4369,                 0.7331,                0.68283,                0.73815,                0.38878,                 1.2988,                 1.1055,                 1.7014,                 1.4372,                 1.6479,                 1.6024,             0.00098189,             0.00098189,             0.00098189
                      4,                 1.0451,                 1.0306,                 1.5184,                 1.1624,                 1.3992,                 1.4739,                0.71674,                0.67361,                0.73137,                0.39653,                 1.2616,                 1.1234,                  1.621,                 1.4289,                 1.4712,                 1.5612,              0.0009802,              0.0009802,              0.0009802
                      5,                 1.0856,                0.99426,                 1.5053,                 1.2308,                 1.3151,                 1.4532,                0.77452,                0.68815,                0.76258,                0.42119,                 1.3261,                0.96808,                 1.6622,                 1.4607,                 1.2292,                 1.5958,              0.0009802,              0.0009802,              0.0009802
                      6,                 1.0697,                0.96713,                 1.4948,                 1.1984,                 1.2304,                 1.4471,                0.79773,                 0.7084,                0.78455,                0.42538,                 1.3525,                0.97053,                 1.6816,                 1.4839,                 1.2383,                 1.5925,              0.0009736,              0.0009736,              0.0009736
                      7,                 1.0609,                0.93276,                 1.4695,                 1.1971,                 1.1717,                 1.4261,                0.80242,                0.69631,                0.78283,                0.41603,                 1.3671,                0.94012,                 1.6505,                 1.4908,                 1.1809,                  1.581,               0.000967,               0.000967,               0.000967
                      8,                 1.0444,                   0.91,                 1.4612,                 1.1991,                 1.1273,                 1.4234,                 0.7977,                0.70529,                0.77845,                0.43858,                 1.2789,                0.92552,                 1.6031,                 1.4566,                 1.1515,                 1.5472,              0.0009604,              0.0009604,              0.0009604
                      9,                 1.0503,                0.91547,                 1.4737,                 1.2012,                 1.1108,                 1.4363,                0.78894,                0.71804,                0.78922,                0.44318,                 1.3176,                0.89751,                 1.6541,                 1.5094,                 1.0894,                 1.5994,              0.0009538,              0.0009538,              0.0009538
                     10,                 1.0491,                0.90624,                 1.4699,                 1.1964,                 1.1296,                 1.4285,                 0.8111,                0.72831,                0.81087,                0.44546,                 1.3322,                0.89757,                 1.6314,                 1.4411,                 1.0985,                 1.5492,              0.0009472,              0.0009472,              0.0009472
                     11,                 1.0297,                0.88446,                 1.4551,                 1.1758,                 1.0553,                 1.4174,                 0.7971,                0.71259,                0.77815,                0.42973,                 1.3098,                0.89725,                 1.6354,                 1.4227,                 1.0989,                 1.5594,              0.0009406,              0.0009406,              0.0009406
                     12,                 1.0475,                 0.8917,                 1.4666,                 1.2085,                 1.0761,                 1.4314,                0.81927,                0.73366,                0.78965,                0.44491,                 1.3505,                0.89475,                 1.6604,                 1.4399,                 1.0892,                 1.5709,               0.000934,               0.000934,               0.000934
                     13,                 1.0254,                0.87401,                 1.4517,                 1.1716,                  1.045,                 1.4162,                0.80848,                 0.7322,                0.80414,                0.45117,                 1.3306,                0.87159,                 1.6376,                 1.4422,                  1.089,                  1.546,              0.0009274,              0.0009274,              0.0009274
                     14,                 1.0393,                0.86874,                  1.445,                 1.2074,                  1.042,                 1.4128,                0.76019,                0.73449,                0.79114,                0.44097,                 1.3059,                0.87524,                 1.6352,                 1.4371,                 1.0515,                 1.5502,              0.0009208,              0.0009208,              0.0009208
                     15,                 1.0138,                0.84571,                  1.437,                 1.1829,                 1.0048,                 1.4064,                0.81376,                0.73724,                0.81351,                0.45114,                 1.3983,                 0.8481,                 1.6573,                  1.454,                 1.0706,                 1.5591,              0.0009142,              0.0009142,              0.0009142
                     16,                  1.008,                0.83665,                 1.4195,                  1.168,                 0.9791,                 1.3899,                0.81875,                0.74271,                0.80701,                0.45327,                 1.3265,                0.84796,                 1.6308,                 1.4195,                 1.0404,                 1.5366,              0.0009076,              0.0009076,              0.0009076
                     17,                0.99936,                0.83385,                  1.435,                  1.158,                0.98867,                 1.4068,                0.81237,                0.73722,                0.80183,                0.45381,                 1.3609,                0.85093,                 1.6376,                 1.4946,                 1.0104,                 1.5884,               0.000901,               0.000901,               0.000901
                     18,                 1.0127,                0.83302,                 1.4172,                 1.1922,                0.98498,                 1.3796,                0.84843,                0.72382,                 0.8126,                0.43608,                 1.4511,                0.82741,                  1.674,                  1.631,                0.95571,                 1.6079,              0.0008944,              0.0008944,              0.0008944
                     19,                0.97648,                0.80656,                 1.4379,                 1.1331,                0.94802,                  1.412,                0.83848,                0.74141,                0.81644,                 0.4537,                 1.2751,                0.83071,                  1.605,                   1.41,                0.96118,                 1.5333,              0.0008878,              0.0008878,              0.0008878
                     20,                0.98135,                0.81348,                 1.4204,                 1.1502,                 0.9507,                 1.3937,                0.79211,                0.74465,                0.80307,                0.43817,                 1.3553,                 0.8676,                 1.6639,                 1.4911,                 1.0298,                 1.5976,              0.0008812,              0.0008812,              0.0008812
                     21,                 1.0043,                0.82291,                 1.4194,                 1.1857,                0.97577,                 1.3917,                0.81283,                0.76135,                0.81586,                 0.4586,                 1.2894,                0.82253,                 1.6129,                 1.4214,                 1.0024,                 1.5425,              0.0008746,              0.0008746,              0.0008746
                     22,                0.97474,                0.80269,                 1.3996,                 1.1555,                0.92897,                 1.3734,                0.85326,                0.73037,                0.81673,                0.45647,                 1.3838,                0.81033,                  1.671,                 1.5643,                0.95531,                 1.5865,               0.000868,               0.000868,               0.000868
                     23,                0.94921,                0.78551,                 1.3908,                 1.1199,                0.91606,                 1.3689,                0.82648,                0.72646,                0.81498,                0.45998,                 1.3164,                0.78758,                 1.6364,                 1.4806,                0.92804,                 1.5701,              0.0008614,              0.0008614,              0.0008614
                     24,                0.98249,                0.79663,                 1.3986,                 1.1733,                0.93135,                 1.3684,                 0.8284,                0.71236,                0.80043,                0.45591,                  1.315,                 0.8198,                 1.6432,                 1.4651,                 0.9918,                 1.5659,              0.0008548,              0.0008548,              0.0008548
                     25,                0.94823,                0.78073,                 1.3958,                 1.1172,                0.90421,                 1.3724,                0.81673,                0.76039,                0.81899,                0.46071,                 1.3338,                 0.8038,                 1.6382,                 1.5089,                  0.908,                 1.5933,              0.0008482,              0.0008482,              0.0008482
                     26,                0.94733,                0.79018,                 1.3898,                 1.1182,                0.91372,                 1.3664,                0.78648,                0.77085,                0.80919,                0.46106,                 1.3938,                0.85404,                 1.6832,                 1.5749,                  1.025,                  1.608,              0.0008416,              0.0008416,              0.0008416
                     27,                0.95223,                0.78341,                 1.3953,                 1.1187,                0.89414,                 1.3704,                0.82409,                0.77627,                0.81884,                0.46186,                 1.3494,                0.80974,                 1.6325,                 1.5019,                0.93912,                 1.5677,               0.000835,               0.000835,               0.000835
                     28,                 0.9485,                0.77119,                 1.3918,                  1.132,                0.89862,                 1.3679,                0.82029,                0.77023,                0.82197,                0.46569,                 1.3503,                0.81077,                 1.6474,                 1.4472,                0.99074,                 1.5354,              0.0008284,              0.0008284,              0.0008284
                     29,                0.94339,                0.78003,                 1.3744,                 1.1258,                0.89849,                 1.3463,                0.81645,                0.74872,                0.80706,                 0.4593,                 1.3562,                0.81479,                 1.6734,                 1.5474,                0.97503,                  1.598,              0.0008218,              0.0008218,              0.0008218
                     30,                0.91534,                0.76231,                 1.3918,                 1.0737,                0.87959,                 1.3612,                0.86105,                0.73549,                0.81195,                0.46393,                 1.2963,                0.78498,                 1.6159,                 1.4761,                  0.914,                 1.5633,              0.0008152,              0.0008152,              0.0008152
                     31,                0.92461,                0.76366,                 1.3828,                 1.0878,                0.88726,                 1.3611,                0.81046,                0.73701,                 0.8067,                0.44908,                 1.3442,                0.81978,                 1.6614,                 1.4453,                0.96477,                  1.572,              0.0008086,              0.0008086,              0.0008086
                     32,                0.93656,                0.76939,                 1.3941,                 1.0999,                0.88781,                 1.3746,                0.80655,                0.77418,                0.82372,                0.47283,                 1.3563,                0.79073,                 1.6711,                 1.4981,                0.91641,                 1.5978,               0.000802,               0.000802,               0.000802
                     33,                0.92285,                0.75582,                 1.3728,                 1.0873,                0.85481,                 1.3516,                0.85574,                0.73965,                0.81746,                0.45307,                  1.366,                 0.7969,                 1.6622,                 1.5737,                0.88951,                 1.6109,              0.0007954,              0.0007954,              0.0007954
                     34,                0.89295,                0.74201,                 1.3515,                 1.0738,                0.83532,                 1.3352,                0.87389,                0.76092,                0.83537,                0.47375,                 1.3022,                0.75345,                 1.6218,                 1.5204,                0.84722,                 1.5823,              0.0007888,              0.0007888,              0.0007888
                     35,                0.90133,                0.72281,                 1.3443,                 1.0865,                0.81746,                 1.3263,                0.86746,                0.74306,                0.82237,                0.45964,                 1.3643,                0.78012,                   1.64,                 1.5324,                 0.8755,                  1.585,              0.0007822,              0.0007822,              0.0007822
                     36,                0.91329,                0.74739,                 1.3576,                 1.0972,                0.85529,                 1.3355,                0.87595,                0.73409,                0.82753,                0.47544,                 1.3188,                0.77277,                 1.6039,                 1.4529,                0.91056,                 1.5517,              0.0007756,              0.0007756,              0.0007756
                     37,                0.89252,                0.73923,                 1.3615,                  1.071,                0.82789,                  1.342,                0.87579,                0.75515,                0.82985,                0.46715,                 1.3017,                0.78345,                 1.5955,                 1.4767,                0.89894,                 1.5589,               0.000769,               0.000769,               0.000769
                     38,                0.89095,                0.73627,                 1.3466,                  1.082,                0.84197,                  1.332,                0.85891,                0.74534,                0.82867,                0.47553,                 1.3381,                0.80536,                 1.6193,                 1.4717,                0.96978,                 1.5459,              0.0007624,              0.0007624,              0.0007624
                     39,                 0.8918,                0.73389,                 1.3468,                 1.0731,                0.82865,                 1.3289,                0.83598,                0.76508,                0.82533,                0.47154,                 1.3688,                0.78112,                 1.6628,                 1.4727,                0.92873,                 1.5726,              0.0007558,              0.0007558,              0.0007558
                     40,                0.91036,                0.73997,                 1.3465,                 1.0871,                0.83043,                 1.3279,                0.86687,                 0.7535,                0.82815,                0.46576,                 1.4163,                0.80329,                 1.6884,                 1.5738,                0.89303,                 1.6288,              0.0007492,              0.0007492,              0.0007492
                     41,                0.89667,                0.73432,                 1.3338,                 1.0849,                0.83824,                 1.3138,                0.86332,                0.74488,                 0.8323,                0.47218,                 1.3252,                0.78216,                 1.6139,                  1.431,                0.92055,                 1.5306,              0.0007426,              0.0007426,              0.0007426
                     42,                0.86402,                0.72356,                 1.3306,                 1.0462,                0.83194,                 1.3159,                0.83972,                0.77375,                0.83074,                0.46552,                 1.3244,                0.79385,                  1.642,                  1.458,                 0.9418,                 1.5693,               0.000736,               0.000736,               0.000736
                     43,                0.86655,                0.71796,                 1.3429,                 1.0406,                0.81203,                 1.3225,                 0.8778,                0.75764,                0.83787,                0.46665,                 1.3368,                0.78211,                 1.6389,                 1.5076,                0.88823,                 1.5917,              0.0007294,              0.0007294,              0.0007294
                     44,                0.85008,                0.70847,                 1.3291,                 1.0158,                0.79578,                 1.3095,                0.83164,                0.78178,                0.82877,                0.47329,                 1.3735,                 0.7679,                 1.6372,                 1.4805,                0.91418,                 1.5768,              0.0007228,              0.0007228,              0.0007228
                     45,                0.90224,                0.73562,                 1.3452,                 1.0924,                0.83851,                  1.322,                0.83787,                0.74587,                0.81482,                0.46387,                 1.3716,                0.79956,                 1.6543,                 1.4951,                0.96681,                 1.5738,              0.0007162,              0.0007162,              0.0007162
                     46,                0.85213,                0.70509,                 1.3209,                 1.0295,                0.79539,                 1.3036,                0.83675,                0.77574,                0.82193,                0.46666,                 1.3098,                0.76416,                 1.6086,                 1.4638,                0.87691,                 1.5352,              0.0007096,              0.0007096,              0.0007096
                     47,                0.84866,                0.69987,                 1.3076,                 1.0447,                0.79886,                 1.2928,                0.86261,                0.77472,                0.83483,                0.46815,                 1.3562,                0.75932,                 1.6588,                 1.5494,                0.87053,                 1.6056,               0.000703,               0.000703,               0.000703
                     48,                0.86549,                0.70354,                 1.3328,                 1.0435,                0.78712,                 1.3211,                0.89696,                0.73573,                0.83988,                0.47076,                 1.3646,                0.75387,                 1.6607,                 1.5297,                0.85597,                 1.6119,              0.0006964,              0.0006964,              0.0006964
                     49,                0.85649,                0.71246,                 1.3356,                 1.0393,                 0.8009,                 1.3222,                0.84577,                0.77991,                0.82174,                0.47139,                 1.4063,                0.76699,                 1.6601,                 1.5938,                0.82084,                 1.6055,              0.0006898,              0.0006898,              0.0006898
                     50,                0.83951,                0.69169,                 1.3125,                  1.005,                0.76694,                  1.304,                0.86372,                0.74988,                0.82951,                0.47996,                 1.3078,                0.74319,                 1.6145,                 1.5158,                0.83696,                 1.5623,              0.0006832,              0.0006832,              0.0006832
                     51,                0.83857,                0.70009,                 1.3032,                 1.0308,                0.79791,                 1.2938,                0.86586,                0.75949,                 0.8259,                0.47678,                 1.3263,                0.78677,                 1.6349,                 1.5257,                0.90648,                 1.5707,              0.0006766,              0.0006766,              0.0006766
                     52,                0.84717,                0.69586,                 1.3235,                 1.0323,                0.78262,                 1.3141,                0.84358,                0.76783,                 0.8326,                0.47387,                 1.3402,                0.77012,                 1.6467,                 1.5204,                0.88877,                 1.5927,                0.00067,                0.00067,                0.00067
                     53,                0.84636,                0.69006,                 1.3151,                 1.0231,                0.77404,                 1.3028,                0.85055,                0.78735,                0.83817,                0.48465,                 1.3412,                0.75032,                 1.6424,                  1.464,                0.87037,                 1.5878,              0.0006634,              0.0006634,              0.0006634
                     54,                0.82651,                0.68628,                 1.3047,                 1.0143,                0.77596,                 1.2949,                0.84929,                0.79525,                0.83593,                0.47234,                 1.3671,                  0.752,                 1.6377,                 1.5734,                0.80394,                 1.6022,              0.0006568,              0.0006568,              0.0006568
                     55,                0.83469,                0.68115,                 1.3037,                 1.0205,                 0.7635,                 1.2886,                0.82214,                0.79517,                0.83994,                0.48226,                 1.3577,                0.74405,                 1.6436,                 1.5504,                0.81257,                 1.5922,              0.0006502,              0.0006502,              0.0006502
                     56,                0.84146,                0.68429,                 1.3217,                 1.0211,                0.76762,                  1.307,                0.87824,                0.76876,                  0.843,                  0.485,                 1.3621,                0.73846,                 1.6355,                 1.5093,                0.83351,                 1.5939,              0.0006436,              0.0006436,              0.0006436
                     57,                0.81385,                0.66727,                 1.2949,                 1.0023,                0.73839,                 1.2873,                0.85318,                0.78382,                0.84158,                0.47639,                 1.3674,                0.76706,                  1.643,                  1.615,                0.78866,                 1.6326,               0.000637,               0.000637,               0.000637
                     58,                0.80656,                0.67034,                 1.2834,                0.99222,                0.74855,                 1.2731,                0.85461,                0.74579,                0.81051,                0.46564,                 1.3822,                0.76777,                 1.6615,                  1.593,                0.85287,                 1.6067,              0.0006304,              0.0006304,              0.0006304
                     59,                0.82058,                0.66608,                 1.2917,                 1.0117,                0.73763,                   1.28,                0.83295,                0.79583,                0.84542,                0.48316,                 1.3087,                0.72214,                 1.6094,                 1.5321,                0.79569,                 1.5718,              0.0006238,              0.0006238,              0.0006238
                     60,                 0.8133,                0.67154,                 1.2891,                0.99296,                0.74775,                 1.2807,                 0.8598,                  0.787,                0.84475,                0.47613,                 1.3547,                0.75801,                 1.6574,                 1.5014,                0.88962,                 1.5842,              0.0006172,              0.0006172,              0.0006172
                     61,                0.82287,                0.66341,                 1.2809,                 1.0066,                0.74143,                 1.2677,                0.81961,                0.78356,                0.84318,                0.48521,                 1.3429,                0.74335,                 1.6544,                 1.5272,                0.82875,                 1.6066,              0.0006106,              0.0006106,              0.0006106
                     62,                0.78974,                0.65519,                 1.2844,                0.96006,                0.71465,                 1.2778,                0.87091,                0.76274,                0.84952,                0.48364,                 1.3714,                0.75454,                 1.6423,                  1.522,                0.84567,                 1.5788,               0.000604,               0.000604,               0.000604
                     63,                0.81202,                0.66248,                 1.2784,                0.98984,                0.73468,                 1.2675,                0.85731,                 0.7728,                0.83644,                0.48206,                 1.3508,                0.72289,                 1.6476,                 1.5053,                0.87401,                 1.5626,              0.0005974,              0.0005974,              0.0005974
                     64,                0.82059,                 0.6627,                 1.2827,                 1.0037,                0.73689,                  1.274,                0.85694,                0.79567,                 0.8465,                0.48086,                  1.331,                0.74235,                 1.6197,                 1.5054,                0.82872,                 1.5518,              0.0005908,              0.0005908,              0.0005908
                     65,                0.77292,                0.64799,                 1.2642,                0.95929,                0.71509,                 1.2578,                0.85012,                0.79035,                0.84215,                0.47841,                 1.3605,                0.72649,                 1.6633,                 1.5575,                0.80985,                 1.6088,              0.0005842,              0.0005842,              0.0005842
                     66,                0.77777,                0.64787,                 1.2656,                0.95632,                0.70351,                 1.2604,                0.88314,                0.77294,                 0.8425,                0.48147,                 1.3145,                 0.7154,                 1.6365,                  1.538,                0.80779,                 1.5838,              0.0005776,              0.0005776,              0.0005776
                     67,                0.77187,                0.64202,                 1.2644,                0.95296,                0.70232,                  1.259,                0.84517,                0.78984,                 0.8443,                0.48335,                 1.3063,                0.73119,                 1.6084,                 1.5222,                0.78873,                 1.5844,               0.000571,               0.000571,               0.000571
                     68,                0.76855,                0.64384,                 1.2651,                0.95526,                0.70484,                 1.2623,                 0.8661,                0.78203,                0.84621,                0.48883,                 1.3472,                0.73662,                 1.6548,                 1.5529,                0.80207,                 1.6122,              0.0005644,              0.0005644,              0.0005644
                     69,                0.78378,                0.64367,                  1.259,                0.97016,                 0.7037,                 1.2474,                0.85243,                0.77179,                  0.833,                0.47053,                 1.3814,                0.75058,                 1.6382,                 1.5325,                0.88069,                 1.5828,              0.0005578,              0.0005578,              0.0005578
                     70,                0.77504,                0.64392,                 1.2597,                0.95427,                0.70781,                 1.2518,                0.82883,                0.80049,                0.84311,                0.47191,                 1.3781,                0.74643,                 1.6646,                 1.5724,                0.83077,                 1.6048,              0.0005512,              0.0005512,              0.0005512
                     71,                0.77794,                 0.6433,                 1.2489,                0.97583,                0.70525,                 1.2389,                0.85275,                0.81203,                0.85298,                0.47768,                 1.3431,                0.69974,                 1.6531,                 1.5473,                0.78223,                 1.6088,              0.0005446,              0.0005446,              0.0005446
                     72,                 0.7637,                0.63975,                 1.2597,                0.94564,                0.70881,                 1.2557,                0.83692,                0.79997,                 0.8354,                0.47508,                 1.3551,                0.72427,                 1.6525,                  1.569,                0.81467,                 1.6076,               0.000538,               0.000538,               0.000538
                     73,                 0.7748,                0.64304,                 1.2474,                0.96537,                0.71507,                  1.239,                0.84768,                0.76996,                0.83962,                0.47285,                 1.3571,                0.73434,                 1.6483,                 1.5845,                 0.7849,                 1.6194,              0.0005314,              0.0005314,              0.0005314
                     74,                0.75499,                0.63326,                 1.2497,                  0.944,                0.69026,                 1.2407,                0.86432,                0.75021,                 0.8319,                0.47784,                 1.3471,                0.74151,                  1.651,                 1.5223,                0.85723,                 1.5798,              0.0005248,              0.0005248,              0.0005248
                     75,                0.72661,                0.61827,                 1.2339,                  0.917,                0.67493,                 1.2278,                0.84092,                0.81184,                0.84881,                0.48027,                 1.3732,                 0.7276,                 1.6662,                 1.5605,                0.80161,                 1.6152,              0.0005182,              0.0005182,              0.0005182
                     76,                0.74603,                0.62544,                 1.2386,                 0.9342,                 0.6936,                 1.2355,                0.86536,                 0.7809,                0.83791,                0.47754,                 1.3061,                0.71861,                 1.6039,                 1.4907,                0.81494,                 1.5571,              0.0005116,              0.0005116,              0.0005116
                     77,                0.73881,                0.61819,                 1.2413,                0.92351,                0.67731,                  1.233,                0.88485,                0.77522,                 0.8475,                0.47912,                 1.3324,                0.73317,                 1.6319,                 1.5273,                0.81277,                 1.5856,               0.000505,               0.000505,               0.000505
                     78,                0.73578,                0.61762,                 1.2479,                0.91337,                0.67272,                 1.2467,                0.87635,                0.77354,                0.84149,                0.47585,                 1.3346,                0.75467,                 1.6243,                 1.5586,                0.83277,                 1.6115,              0.0004984,              0.0004984,              0.0004984
                     79,                0.75884,                0.62246,                 1.2399,                0.95044,                0.68202,                 1.2354,                0.87388,                0.74926,                0.84375,                0.47748,                 1.3217,                0.71768,                 1.6081,                  1.519,                 0.8461,                 1.5677,              0.0004918,              0.0004918,              0.0004918
                     80,                0.74075,                0.61156,                 1.2335,                0.91708,                0.67462,                 1.2263,                0.88785,                0.77354,                0.85144,                0.48083,                 1.3276,                0.72704,                 1.6218,                 1.5341,                0.83667,                 1.5835,              0.0004852,              0.0004852,              0.0004852
                     81,                0.72772,                0.60583,                 1.2231,                0.89869,                0.65679,                  1.215,                0.87041,                0.77525,                0.85041,                0.47713,                 1.3584,                0.71728,                 1.6568,                 1.5351,                0.84514,                 1.6116,              0.0004786,              0.0004786,              0.0004786
                     82,                0.74086,                0.62573,                 1.2347,                0.93089,                0.69267,                 1.2331,                0.86306,                0.78197,                0.84025,                0.48285,                 1.3757,                0.72065,                 1.6613,                 1.5709,                0.81615,                 1.6116,               0.000472,               0.000472,               0.000472
                     83,                0.72129,                0.61082,                 1.2379,                0.90266,                0.66211,                 1.2344,                0.88144,                0.76732,                0.84047,                0.47698,                 1.3598,                0.71893,                 1.6641,                 1.5375,                0.84105,                 1.6179,              0.0004654,              0.0004654,              0.0004654
                     84,                0.73189,                0.61029,                 1.2329,                0.90362,                0.65593,                 1.2284,                0.84667,                0.81138,                0.85176,                0.48417,                 1.3599,                0.70595,                 1.6315,                 1.6351,                0.78093,                 1.6152,              0.0004588,              0.0004588,              0.0004588
                     85,                0.72772,                0.60861,                 1.2307,                0.90142,                0.65463,                 1.2246,                0.84139,                0.80307,                0.84901,                0.48274,                 1.3437,                0.70832,                 1.6445,                 1.5468,                0.77695,                 1.6058,              0.0004522,              0.0004522,              0.0004522
                     86,                0.71799,                0.60445,                  1.222,                 0.8986,                 0.6526,                 1.2189,                0.84121,                0.78988,                0.84816,                0.48579,                  1.353,                0.72241,                 1.6544,                 1.5742,                0.81193,                 1.6307,              0.0004456,              0.0004456,              0.0004456
                     87,                0.70096,                0.59282,                 1.2244,                0.87226,                0.64166,                 1.2204,                0.88173,                0.80601,                0.85409,                 0.4862,                 1.3458,                0.72865,                 1.6366,                 1.5557,                0.81854,                 1.5997,               0.000439,               0.000439,               0.000439
                     88,                0.72052,                0.60052,                 1.2165,                0.91704,                0.66111,                 1.2151,                0.84696,                0.82059,                0.85235,                 0.4768,                 1.3668,                0.73019,                 1.6708,                 1.5691,                0.79968,                 1.6333,              0.0004324,              0.0004324,              0.0004324
                     89,                0.69245,                0.59092,                  1.208,                0.87097,                0.64231,                 1.2065,                0.85498,                0.80195,                0.84486,                0.48064,                 1.3855,                0.72733,                 1.6975,                 1.6039,                0.81819,                 1.6339,              0.0004258,              0.0004258,              0.0004258
                     90,                0.69798,                0.59729,                 1.2106,                0.87528,                0.64915,                 1.2086,                0.89828,                0.77488,                0.84998,                0.47907,                 1.3396,                0.71682,                 1.6497,                 1.5552,                0.81088,                 1.6076,              0.0004192,              0.0004192,              0.0004192
                     91,                0.69905,                0.58704,                 1.1969,                0.88187,                0.63536,                 1.1929,                 0.8896,                0.77224,                0.84374,                 0.4754,                 1.3691,                0.73528,                 1.6459,                 1.5404,                0.84921,                 1.5909,              0.0004126,              0.0004126,              0.0004126
                     92,                0.68784,                0.58822,                 1.2061,                0.87483,                0.63497,                 1.1992,                0.85928,                0.78836,                0.83201,                 0.4764,                 1.3963,                0.72276,                 1.6944,                 1.5858,                0.80517,                 1.6356,               0.000406,               0.000406,               0.000406
                     93,                0.68725,                0.58366,                 1.2033,                0.86508,                0.63243,                 1.1987,                0.85192,                0.79193,                0.83495,                 0.4618,                 1.4259,                 0.7237,                  1.673,                  1.611,                0.82026,                 1.6254,              0.0003994,              0.0003994,              0.0003994
                     94,                 0.6933,                0.59234,                 1.2067,                0.86413,                0.63716,                 1.2053,                0.85692,                 0.8103,                 0.8489,                0.47944,                 1.3646,                0.71464,                 1.6411,                 1.5895,                0.79884,                 1.6183,              0.0003928,              0.0003928,              0.0003928
                     95,                 0.6842,                 0.5804,                 1.2032,                0.86109,                0.62202,                 1.1989,                0.88233,                0.79854,                0.85221,                0.48137,                 1.3552,                0.71732,                 1.6266,                 1.5246,                 0.8285,                 1.5651,              0.0003862,              0.0003862,              0.0003862
                     96,                0.69399,                0.58437,                 1.2014,                0.88028,                0.62979,                 1.1982,                0.88498,                0.78357,                0.84581,                0.48707,                 1.3813,                0.70934,                 1.6739,                 1.5826,                0.80101,                 1.6368,              0.0003796,              0.0003796,              0.0003796
                     97,                0.68577,                0.57897,                 1.1972,                0.86394,                0.62121,                 1.1975,                0.88295,                0.80502,                0.85846,                 0.4834,                 1.3351,                0.70146,                 1.6543,                 1.5502,                0.78314,                 1.6085,               0.000373,               0.000373,               0.000373
                     98,                0.68209,                0.58464,                 1.1996,                0.86925,                0.63134,                 1.1969,                0.88586,                0.81986,                0.86128,                0.47805,                 1.3655,                0.74102,                 1.6614,                 1.5844,                0.80889,                 1.6163,              0.0003664,              0.0003664,              0.0003664
                     99,                0.65769,                0.56866,                 1.1962,                0.83571,                 0.6062,                 1.1973,                 0.8634,                0.79764,                0.85264,                0.48607,                 1.3677,                0.70044,                 1.6565,                 1.5616,                0.78468,                 1.6147,              0.0003598,              0.0003598,              0.0003598
                    100,                0.66331,                0.56411,                 1.1829,                 0.8454,                0.60511,                  1.182,                0.89349,                0.77671,                0.84092,                 0.4736,                 1.3902,                0.71923,                 1.6685,                  1.572,                0.82009,                 1.5987,              0.0003532,              0.0003532,              0.0003532
                    101,                0.66441,                0.56563,                 1.1829,                0.83462,                0.59836,                 1.1769,                0.86486,                0.80189,                0.85542,                0.49026,                 1.3496,                0.70199,                 1.6484,                 1.5535,                0.76354,                  1.608,              0.0003466,              0.0003466,              0.0003466
                    102,                0.65878,                0.57035,                  1.188,                0.82506,                 0.6055,                 1.1839,                0.90273,                0.77854,                0.85439,                0.48516,                 1.3774,                0.71207,                 1.6637,                 1.5379,                  0.836,                 1.6119,                0.00034,                0.00034,                0.00034
                    103,                0.65877,                0.56398,                 1.1794,                 0.8337,                 0.5967,                 1.1765,                0.89091,                0.77833,                0.86101,                0.49095,                 1.3798,                0.72249,                 1.6705,                  1.569,                0.80546,                 1.6303,              0.0003334,              0.0003334,              0.0003334
                    104,                0.66301,                0.56586,                 1.1879,                0.82648,                0.59137,                 1.1879,                 0.8804,                0.79892,                0.84781,                0.47912,                 1.3834,                0.70845,                 1.6627,                 1.5795,                0.80307,                 1.6218,              0.0003268,              0.0003268,              0.0003268
                    105,                 0.6528,                0.56664,                   1.19,                0.82077,                0.60054,                 1.1911,                  0.874,                 0.7966,                0.84949,                  0.484,                 1.3987,                0.72979,                 1.6728,                 1.5525,                0.85073,                 1.6296,              0.0003202,              0.0003202,              0.0003202
                    106,                0.65887,                0.56864,                 1.1763,                0.83853,                0.60616,                 1.1811,                0.88779,                 0.7982,                0.84869,                0.48459,                 1.3653,                 0.7102,                 1.6679,                 1.5811,                0.81168,                 1.6415,              0.0003136,              0.0003136,              0.0003136
                    107,                0.66065,                0.57135,                 1.1907,                0.83647,                0.61323,                 1.1919,                 0.8897,                0.76697,                0.84363,                0.47791,                 1.4042,                0.72083,                  1.677,                 1.5936,                0.81688,                 1.6345,               0.000307,               0.000307,               0.000307
                    108,                0.65222,                0.56272,                 1.1725,                0.84279,                0.60003,                 1.1775,                0.87293,                0.82101,                0.85804,                0.48873,                 1.3755,                0.70744,                 1.6467,                 1.5635,                0.79452,                 1.6208,              0.0003004,              0.0003004,              0.0003004
                    109,                0.65937,                0.56431,                 1.1811,                0.84045,                0.60495,                 1.1833,                 0.8546,                0.79728,                0.84282,                0.48082,                 1.3593,                0.71219,                  1.658,                  1.528,                 0.8107,                 1.6193,              0.0002938,              0.0002938,              0.0002938
                    110,                0.63677,                0.56524,                 1.1717,                0.80498,                0.60123,                 1.1737,                0.89352,                0.79249,                0.84874,                 0.4875,                 1.3792,                0.70451,                 1.6592,                 1.5438,                0.85643,                 1.6083,              0.0002872,              0.0002872,              0.0002872
                    111,                0.62583,                0.54322,                 1.1597,                0.80448,                0.57506,                 1.1606,                0.88747,                0.77805,                0.84236,                0.48819,                 1.3983,                0.70376,                 1.6807,                 1.5516,                0.84502,                 1.6306,              0.0002806,              0.0002806,              0.0002806
                    112,                0.62928,                0.54378,                 1.1605,                0.80656,                0.57799,                   1.16,                0.85355,                0.81433,                0.85438,                0.49073,                 1.3774,                 0.7027,                 1.6727,                 1.5959,                 0.8152,                 1.6452,               0.000274,               0.000274,               0.000274
                    113,                0.63799,                 0.5533,                 1.1606,                0.81796,                0.58911,                 1.1616,                0.87657,                0.81694,                0.86045,                0.48881,                  1.367,                0.71486,                 1.6711,                 1.5578,                0.82024,                 1.6356,              0.0002674,              0.0002674,              0.0002674
                    114,                0.63668,                0.55492,                  1.167,                0.81535,                0.58976,                  1.168,                0.90209,                0.77667,                0.85022,                0.47734,                 1.3763,                0.70584,                 1.6693,                 1.6244,                0.79746,                 1.6636,              0.0002608,              0.0002608,              0.0002608
                    115,                0.63038,                0.54834,                 1.1598,                0.81796,                0.57859,                 1.1625,                0.86389,                0.80956,                0.85613,                0.48195,                 1.3878,                 0.7187,                 1.6639,                 1.5595,                 0.8452,                 1.6162,              0.0002542,              0.0002542,              0.0002542
                    116,                0.62639,                0.54907,                 1.1634,                0.79505,                0.58132,                 1.1644,                0.85628,                0.82496,                0.85628,                0.48735,                 1.3786,                0.69682,                 1.6674,                 1.6129,                0.75988,                 1.6482,              0.0002476,              0.0002476,              0.0002476
                    117,                0.62484,                0.55331,                 1.1575,                0.80821,                0.59794,                 1.1614,                0.87107,                0.80052,                 0.8505,                0.48818,                  1.347,                0.69652,                  1.659,                 1.5613,                0.79459,                 1.6268,               0.000241,               0.000241,               0.000241
                    118,                0.60771,                0.53644,                  1.146,                0.78268,                0.56877,                   1.15,                0.89399,                0.78103,                0.85074,                0.48558,                 1.3772,                0.73427,                 1.6807,                 1.5716,                0.81801,                 1.6497,              0.0002344,              0.0002344,              0.0002344
                    119,                 0.6176,                0.54225,                 1.1523,                0.78509,                 0.5776,                 1.1547,                0.86912,                 0.8053,                0.85375,                0.48719,                 1.3678,                0.69995,                 1.6674,                 1.5945,                0.79476,                  1.644,              0.0002278,              0.0002278,              0.0002278
                    120,                0.62062,                0.54662,                 1.1518,                0.79024,                0.57931,                 1.1522,                0.89114,                0.78727,                0.84314,                0.48085,                 1.3804,                0.71438,                 1.6676,                 1.5753,                0.80628,                 1.6428,              0.0002212,              0.0002212,              0.0002212
                    121,                0.61223,                0.54008,                 1.1507,                0.78555,                0.57965,                 1.1529,                0.86299,                0.80988,                0.85492,                0.48772,                 1.3782,                0.70965,                 1.6655,                 1.5882,                 0.8011,                 1.6295,              0.0002146,              0.0002146,              0.0002146
                    122,                  0.635,                0.55186,                 1.1588,                0.81755,                 0.5887,                 1.1591,                0.86817,                0.79942,                0.84902,                0.48597,                 1.3686,                0.71621,                 1.6461,                 1.5856,                0.80066,                 1.6024,               0.000208,               0.000208,               0.000208
                    123,                0.60437,                0.53496,                 1.1477,                0.78458,                 0.5672,                   1.15,                 0.8706,                0.79008,                0.84683,                0.48397,                 1.3754,                 0.7012,                  1.686,                 1.5704,                0.82797,                 1.6329,              0.0002014,              0.0002014,              0.0002014
                    124,                0.60657,                0.53511,                 1.1408,                0.78456,                0.57179,                 1.1421,                0.88189,                0.79831,                0.86074,                0.48744,                  1.344,                0.69184,                 1.6596,                 1.5492,                0.80861,                 1.6182,              0.0001948,              0.0001948,              0.0001948
                    125,                0.60617,                0.53963,                   1.15,                0.78959,                0.58041,                 1.1526,                0.86242,                0.81951,                0.85513,                0.48459,                 1.3746,                0.69463,                 1.6872,                 1.5824,                0.79532,                 1.6505,              0.0001882,              0.0001882,              0.0001882
                    126,                0.60846,                0.53457,                 1.1467,                0.78157,                0.55846,                 1.1509,                0.86192,                 0.8095,                0.85318,                0.48855,                 1.3767,                0.69458,                 1.7011,                 1.5917,                0.82319,                 1.6604,              0.0001816,              0.0001816,              0.0001816
                    127,                0.60369,                0.53569,                 1.1436,                0.77262,                0.56248,                 1.1465,                0.85645,                 0.8195,                0.84828,                0.48146,                 1.3773,                0.69716,                 1.6799,                 1.5947,                0.81527,                 1.6478,               0.000175,               0.000175,               0.000175
                    128,                0.60024,                 0.5314,                 1.1445,                0.78697,                 0.5589,                 1.1455,                0.85919,                 0.8079,                0.86001,                 0.4954,                 1.3432,                0.69196,                  1.655,                 1.5837,                0.77464,                 1.6361,              0.0001684,              0.0001684,              0.0001684
                    129,                0.58531,                0.52552,                 1.1334,                0.74738,                 0.5549,                 1.1375,                 0.8708,                0.79584,                0.85493,                0.48801,                 1.3724,                0.69729,                 1.6722,                 1.5926,                0.80377,                 1.6301,              0.0001618,              0.0001618,              0.0001618
                    130,                 0.5927,                0.52724,                 1.1287,                0.77154,                0.54741,                 1.1335,                0.87831,                 0.8102,                0.85896,                0.48884,                 1.3684,                0.69829,                 1.6699,                 1.5901,                0.76953,                 1.6296,              0.0001552,              0.0001552,              0.0001552
                    131,                0.58652,                0.52563,                 1.1352,                0.75267,                0.54952,                 1.1379,                0.88594,                0.79555,                0.85623,                0.49342,                 1.3634,                0.69753,                   1.67,                  1.589,                0.77818,                 1.6315,              0.0001486,              0.0001486,              0.0001486
                    132,                0.58653,                0.52634,                 1.1417,                0.75786,                0.55217,                 1.1435,                0.88851,                0.79279,                0.85477,                0.49036,                 1.3784,                0.70181,                 1.6829,                 1.5829,                 0.8101,                 1.6334,               0.000142,               0.000142,               0.000142
                    133,                0.58533,                0.52249,                  1.125,                0.76905,                0.54926,                 1.1276,                0.88511,                0.80261,                 0.8552,                0.48712,                 1.3782,                0.69526,                 1.6834,                 1.6038,                0.79744,                 1.6519,              0.0001354,              0.0001354,              0.0001354
                    134,                0.59301,                0.52435,                 1.1313,                0.76349,                 0.5455,                 1.1312,                0.88756,                0.79507,                0.85483,                0.48748,                 1.3776,                0.69884,                 1.6826,                 1.5954,                0.79475,                 1.6354,              0.0001288,              0.0001288,              0.0001288
                    135,                0.58707,                0.52544,                  1.134,                0.76831,                0.55884,                 1.1374,                0.88822,                0.79485,                0.85684,                 0.4917,                 1.3789,                0.70751,                 1.6763,                 1.6001,                0.78183,                 1.6262,              0.0001222,              0.0001222,              0.0001222
                    136,                 0.5784,                0.52308,                 1.1214,                 0.7508,                0.55009,                 1.1233,                0.86422,                0.82391,                0.85742,                0.48588,                 1.3636,                 0.6951,                 1.6627,                 1.6077,                0.77695,                 1.6282,              0.0001156,              0.0001156,              0.0001156
                    137,                0.57517,                0.52109,                 1.1271,                0.76336,                0.54692,                 1.1328,                0.88096,                0.79259,                0.86086,                0.48696,                 1.3694,                0.69451,                 1.6841,                 1.6028,                0.78976,                 1.6379,               0.000109,               0.000109,               0.000109
                    138,                0.58057,                0.51795,                 1.1284,                0.75283,                0.53949,                 1.1326,                0.88322,                0.80268,                0.85797,                0.49269,                 1.3819,                0.68923,                 1.6858,                 1.6163,                0.78687,                 1.6463,              0.0001024,              0.0001024,              0.0001024
                    139,                0.57653,                0.52066,                 1.1127,                0.75649,                0.54975,                 1.1182,                0.87031,                0.81305,                 0.8562,                0.48872,                 1.3754,                0.68979,                 1.6748,                 1.6096,                0.79814,                 1.6389,               9.58e-05,               9.58e-05,               9.58e-05
                    140,                 0.5685,                0.51827,                 1.1352,                0.72801,                0.53773,                 1.1399,                0.89431,                0.79198,                0.85354,                0.48569,                 1.3555,                0.68799,                 1.6607,                 1.5898,                 0.7837,                 1.6336,               8.92e-05,               8.92e-05,               8.92e-05
                    141,                0.48624,                0.44717,                 1.0749,                0.63613,                0.42619,                 1.0738,                0.85804,                0.81269,                0.85422,                0.48454,                 1.3726,                0.70295,                 1.7335,                 1.6035,                0.82475,                 1.6706,               8.26e-05,               8.26e-05,               8.26e-05
                    142,                 0.4718,                0.43499,                 1.0726,                0.61784,                0.41025,                 1.0705,                0.88885,                0.79257,                0.84453,                0.48107,                 1.3737,                0.70563,                 1.7222,                 1.6051,                0.81074,                 1.6712,                7.6e-05,                7.6e-05,                7.6e-05
                    143,                0.46331,                0.43054,                 1.0619,                0.61065,                  0.396,                 1.0633,                0.85448,                0.82311,                0.85085,                0.48505,                 1.3602,                0.70188,                  1.725,                 1.5939,                 0.8004,                 1.6594,               6.94e-05,               6.94e-05,               6.94e-05
                    144,                0.45005,                 0.4211,                 1.0576,                0.58557,                0.38586,                 1.0604,                0.89003,                0.79931,                0.84881,                 0.4835,                 1.3773,                 0.7032,                 1.7313,                 1.6078,                0.80817,                 1.6635,               6.28e-05,               6.28e-05,               6.28e-05
                    145,                0.45752,                0.42609,                 1.0614,                0.59971,                0.39756,                 1.0613,                0.89306,                0.79221,                0.85645,                0.48874,                 1.3703,                0.71173,                 1.7363,                 1.6001,                0.79767,                 1.6719,               5.62e-05,               5.62e-05,               5.62e-05
                    146,                0.44988,                 0.4263,                 1.0613,                0.58593,                0.39574,                 1.0598,                0.88478,                0.79763,                0.84917,                0.48642,                 1.3734,                0.71034,                 1.7223,                 1.5938,                0.78252,                 1.6559,               4.96e-05,               4.96e-05,               4.96e-05
                    147,                0.45188,                 0.4269,                 1.0625,                 0.5936,                0.39521,                 1.0617,                0.87809,                0.79898,                0.84935,                0.48487,                 1.3699,                0.70982,                 1.7257,                 1.6007,                0.80353,                 1.6623,                4.3e-05,                4.3e-05,                4.3e-05
                    148,                0.43266,                0.41394,                 1.0551,                0.57286,                0.38138,                 1.0527,                0.88694,                0.79975,                0.85275,                0.48629,                 1.3709,                0.70592,                 1.7256,                  1.593,                0.78921,                 1.6692,               3.64e-05,               3.64e-05,               3.64e-05
                    149,                0.43526,                0.41693,                 1.0475,                0.57554,                 0.3834,                 1.0468,                0.88959,                0.79982,                0.85278,                0.48722,                 1.3745,                0.71023,                 1.7254,                 1.5929,                0.80165,                 1.6728,               2.98e-05,               2.98e-05,               2.98e-05
                    150,                0.44383,                0.41851,                 1.0535,                0.57863,                0.38721,                 1.0538,                0.87061,                0.80683,                0.85006,                0.48453,                 1.3722,                0.71151,                 1.7312,                 1.5909,                0.80589,                 1.6647,               2.32e-05,               2.32e-05,               2.32e-05
